vehicle,packages,km,total fleet mileage,total extra fleet mileage,overall milage,packages delivered
1,9,54.25297871162161,,,,
2,9,47.27171717165037,,,,
3,9,52.53507325853178,,,,
4,9,48.317070171508135,,,,
5,9,59.87086753589268,,,,
6,9,43.267009986908285,,,,
7,9,67.12222350573542,,,,
8,9,45.579245681792045,,,,
,,,418.2161860236403,0,418.2161860236403,72
