vehicle,packages,km,total fleet mileage,total extra fleet mileage,overall milage,packages delivered
1,9,61.307030261988736,,,,
2,9,77.81136401538265,,,,
3,9,48.324687649761714,,,,
4,9,82.91233098806323,,,,
5,9,55.21347229734522,,,,
6,9,73.87306712420742,,,,
7,9,71.01915917768397,,,,
8,9,52.738745767936685,,,,
extra 1,2,44.935622389193426,,,,
,,,44.935622389193426,0,568.1354796715631,74
