vehicle,packages,km,total fleet mileage,total extra fleet mileage,overall milage,packages delivered
1,9,84.08710826499657,,,,
2,9,76.72651569445446,,,,
3,9,65.43776432752993,,,,
4,9,70.31285566332177,,,,
5,9,59.09503659271694,,,,
6,9,56.47045706620967,,,,
7,9,83.34929747062178,,,,
8,9,50.668107534942706,,,,
,,,546.1471426147939,0,546.1471426147939,72
