vehicle,packages,km,total fleet mileage,total extra fleet mileage,overall milage,packages delivered
1,9,54.75316561289905,,,,
2,9,67.00508674195285,,,,
3,9,51.71964814010922,,,,
4,9,58.00201751723215,,,,
5,9,67.10741889969705,,,,
6,9,74.73525935683949,,,,
7,9,73.02495502696945,,,,
8,9,65.68603840581892,,,,
,,,512.0335897015182,0,512.0335897015182,72
