vehicle,packages,km,total fleet mileage,total extra fleet mileage,overall milage,packages delivered
1,9,65.71288589641347,,,,
2,9,63.897294893802666,,,,
3,9,40.37469295615965,,,,
4,9,66.57400056034128,,,,
5,9,71.53923674709662,,,,
6,9,55.57078609961161,,,,
7,9,77.59287990350172,,,,
8,7,59.19912001867185,,,,
,,,500.4608970755989,0,500.4608970755989,70
